source_image_name,source_image_relative_path,source_image_absolute_path,model,runtime_seconds,output_json,sign_type,surface_condition,dirty_count,overall_readability,evidence,dirty_areas,error,sign_key,reference_image_name,reference_image_absolute_path,warning
driveRight_clean_10.png,driveRight_clean_10.png,D:\Automotive Systems课件\1.Semester\DACAITI\codex\DCAITI\data\data\Task1_sign_impurity\DRIVE_RIGHT\31.5.2026\driveRight_clean_10.png,gemma4:e2b-it-q4_K_M,9.808,D:\Automotive Systems课件\1.Semester\DACAITI\codex\DCAITI\results\task1_comparison\2026-06-02_full\improved\json\drive right\drive_right__driveRight_clean_10.png.json,drive_right,not_clean,2,severely_affected,Image B shows visible surface anomalies compared with the clean reference Image A.,"[{""location"": ""top_right"", ""type"": ""damage""}, {""location"": ""bottom_right"", ""type"": ""damage""}]",,drive_right,standard.png,D:\Automotive Systems课件\1.Semester\DACAITI\codex\DCAITI\data\data\Task1_sign_impurity\DRIVE_RIGHT\standard.png,
driveRight_clean_159 - 副本.png,driveRight_clean_159 - 副本.png,D:\Automotive Systems课件\1.Semester\DACAITI\codex\DCAITI\data\data\Task1_sign_impurity\DRIVE_RIGHT\31.5.2026\driveRight_clean_159 - 副本.png,gemma4:e2b-it-q4_K_M,9.146,D:\Automotive Systems课件\1.Semester\DACAITI\codex\DCAITI\results\task1_comparison\2026-06-02_full\improved\json\drive right\drive_right__driveRight_clean_159_-_副本.png.json,drive_right,not_clean,1,partially_affected,Image B shows visible surface anomalies compared with the clean reference Image A.,"[{""location"": ""bottom_right"", ""type"": ""damage""}]",,drive_right,standard.png,D:\Automotive Systems课件\1.Semester\DACAITI\codex\DCAITI\data\data\Task1_sign_impurity\DRIVE_RIGHT\standard.png,
driveRight_clean_172.png,driveRight_clean_172.png,D:\Automotive Systems课件\1.Semester\DACAITI\codex\DCAITI\data\data\Task1_sign_impurity\DRIVE_RIGHT\31.5.2026\driveRight_clean_172.png,gemma4:e2b-it-q4_K_M,9.593,D:\Automotive Systems课件\1.Semester\DACAITI\codex\DCAITI\results\task1_comparison\2026-06-02_full\improved\json\drive right\drive_right__driveRight_clean_172.png.json,drive_right,not_clean,1,partially_affected,The surface of Image B shows visible surface anomalies compared with the clean reference Image A.,"[{""location"": ""center"", ""type"": ""discoloration""}]",,drive_right,standard.png,D:\Automotive Systems课件\1.Semester\DACAITI\codex\DCAITI\data\data\Task1_sign_impurity\DRIVE_RIGHT\standard.png,
driveRight_clean_2.png,driveRight_clean_2.png,D:\Automotive Systems课件\1.Semester\DACAITI\codex\DCAITI\data\data\Task1_sign_impurity\DRIVE_RIGHT\31.5.2026\driveRight_clean_2.png,gemma4:e2b-it-q4_K_M,7.106,D:\Automotive Systems课件\1.Semester\DACAITI\codex\DCAITI\results\task1_comparison\2026-06-02_full\improved\json\drive right\drive_right__driveRight_clean_2.png.json,drive_right,clean,0,not_affected,Image B appears to be a clean version of the reference Image A.,[],,drive_right,standard.png,D:\Automotive Systems课件\1.Semester\DACAITI\codex\DCAITI\data\data\Task1_sign_impurity\DRIVE_RIGHT\standard.png,
driveRight_clean_6.png,driveRight_clean_6.png,D:\Automotive Systems课件\1.Semester\DACAITI\codex\DCAITI\data\data\Task1_sign_impurity\DRIVE_RIGHT\31.5.2026\driveRight_clean_6.png,gemma4:e2b-it-q4_K_M,6.684,D:\Automotive Systems课件\1.Semester\DACAITI\codex\DCAITI\results\task1_comparison\2026-06-02_full\improved\json\drive right\drive_right__driveRight_clean_6.png.json,drive_right,clean,0,not_affected,Image B is a clean version of the sign type shown in Image A.,[],,drive_right,standard.png,D:\Automotive Systems课件\1.Semester\DACAITI\codex\DCAITI\data\data\Task1_sign_impurity\DRIVE_RIGHT\standard.png,
driveRight_impurity_13 - 副本.png,driveRight_impurity_13 - 副本.png,D:\Automotive Systems课件\1.Semester\DACAITI\codex\DCAITI\data\data\Task1_sign_impurity\DRIVE_RIGHT\31.5.2026\driveRight_impurity_13 - 副本.png,gemma4:e2b-it-q4_K_M,8.165,D:\Automotive Systems课件\1.Semester\DACAITI\codex\DCAITI\results\task1_comparison\2026-06-02_full\improved\json\drive right\drive_right__driveRight_impurity_13_-_副本.png.json,drive_right,not_clean,1,partially_affected,Image B shows visible surface anomalies compared with the clean reference Image A.,"[{""location"": ""bottom_left"", ""type"": ""paint_loss""}]",,drive_right,standard.png,D:\Automotive Systems课件\1.Semester\DACAITI\codex\DCAITI\data\data\Task1_sign_impurity\DRIVE_RIGHT\standard.png,
driveRight_impurity_164 - 副本.png,driveRight_impurity_164 - 副本.png,D:\Automotive Systems课件\1.Semester\DACAITI\codex\DCAITI\data\data\Task1_sign_impurity\DRIVE_RIGHT\31.5.2026\driveRight_impurity_164 - 副本.png,gemma4:e2b-it-q4_K_M,6.995,D:\Automotive Systems课件\1.Semester\DACAITI\codex\DCAITI\results\task1_comparison\2026-06-02_full\improved\json\drive right\drive_right__driveRight_impurity_164_-_副本.png.json,drive_right,not_clean,2,severely_affected,Image B shows visible surface anomalies compared with the clean reference Image A.,"[{""location"": ""bottom_left"", ""type"": ""graffiti""}, {""location"": ""bottom_right"", ""type"": ""contamination""}]",,drive_right,standard.png,D:\Automotive Systems课件\1.Semester\DACAITI\codex\DCAITI\data\data\Task1_sign_impurity\DRIVE_RIGHT\standard.png,
driveRight_impurity_21 - 副本.png,driveRight_impurity_21 - 副本.png,D:\Automotive Systems课件\1.Semester\DACAITI\codex\DCAITI\data\data\Task1_sign_impurity\DRIVE_RIGHT\31.5.2026\driveRight_impurity_21 - 副本.png,gemma4:e2b-it-q4_K_M,9.449,D:\Automotive Systems课件\1.Semester\DACAITI\codex\DCAITI\results\task1_comparison\2026-06-02_full\improved\json\drive right\drive_right__driveRight_impurity_21_-_副本.png.json,drive_right,not_clean,2,severely_affected,Image B shows visible surface anomalies compared with the clean reference Image A.,"[{""location"": ""top_right"", ""type"": ""discoloration""}, {""location"": ""bottom_right"", ""type"": ""paint_loss""}]",,drive_right,standard.png,D:\Automotive Systems课件\1.Semester\DACAITI\codex\DCAITI\data\data\Task1_sign_impurity\DRIVE_RIGHT\standard.png,
driveRight_impurity_42 - 副本.png,driveRight_impurity_42 - 副本.png,D:\Automotive Systems课件\1.Semester\DACAITI\codex\DCAITI\data\data\Task1_sign_impurity\DRIVE_RIGHT\31.5.2026\driveRight_impurity_42 - 副本.png,gemma4:e2b-it-q4_K_M,9.439,D:\Automotive Systems课件\1.Semester\DACAITI\codex\DCAITI\results\task1_comparison\2026-06-02_full\improved\json\drive right\drive_right__driveRight_impurity_42_-_副本.png.json,drive_right,not_clean,1,partially_affected,Image B shows significant surface anomalies compared to the clean reference Image A.,"[{""location"": ""center"", ""type"": ""contamination""}]",,drive_right,standard.png,D:\Automotive Systems课件\1.Semester\DACAITI\codex\DCAITI\data\data\Task1_sign_impurity\DRIVE_RIGHT\standard.png,
driveRight_impurity_52 - 副本.png,driveRight_impurity_52 - 副本.png,D:\Automotive Systems课件\1.Semester\DACAITI\codex\DCAITI\data\data\Task1_sign_impurity\DRIVE_RIGHT\31.5.2026\driveRight_impurity_52 - 副本.png,gemma4:e2b-it-q4_K_M,7.088,D:\Automotive Systems课件\1.Semester\DACAITI\codex\DCAITI\results\task1_comparison\2026-06-02_full\improved\json\drive right\drive_right__driveRight_impurity_52_-_副本.png.json,drive_right,not_clean,1,partially_affected,"The surface of Image B shows visible text overlaying the sign, which is absent in the clean reference Image A.","[{""location"": ""center"", ""type"": ""sticker""}]",,drive_right,standard.png,D:\Automotive Systems课件\1.Semester\DACAITI\codex\DCAITI\data\data\Task1_sign_impurity\DRIVE_RIGHT\standard.png,
noStop_clean_13.png,noStop_clean_13.png,D:\Automotive Systems课件\1.Semester\DACAITI\codex\DCAITI\data\data\Task1_sign_impurity\NO_STOP\31.5.2026\noStop_clean_13.png,gemma4:e2b-it-q4_K_M,11.305,D:\Automotive Systems课件\1.Semester\DACAITI\codex\DCAITI\results\task1_comparison\2026-06-02_full\improved\json\no stop\no_stop__noStop_clean_13.png.json,no_stop,not_clean,2,severely_affected,Image B shows visible surface anomalies compared with the clean reference Image A.,"[{""location"": ""center"", ""type"": ""paint_loss""}, {""location"": ""bottom_right"", ""type"": ""paint_loss""}]",,no_stop,standard.png,D:\Automotive Systems课件\1.Semester\DACAITI\codex\DCAITI\data\data\Task1_sign_impurity\NO_STOP\standard.png,
noStop_clean_158.png,noStop_clean_158.png,D:\Automotive Systems课件\1.Semester\DACAITI\codex\DCAITI\data\data\Task1_sign_impurity\NO_STOP\31.5.2026\noStop_clean_158.png,gemma4:e2b-it-q4_K_M,9.523,D:\Automotive Systems课件\1.Semester\DACAITI\codex\DCAITI\results\task1_comparison\2026-06-02_full\improved\json\no stop\no_stop__noStop_clean_158.png.json,no_stop,clean,0,not_affected,Image B is clean and matches the clean reference.,[],,no_stop,standard.png,D:\Automotive Systems课件\1.Semester\DACAITI\codex\DCAITI\data\data\Task1_sign_impurity\NO_STOP\standard.png,
noStop_clean_163.png,noStop_clean_163.png,D:\Automotive Systems课件\1.Semester\DACAITI\codex\DCAITI\data\data\Task1_sign_impurity\NO_STOP\31.5.2026\noStop_clean_163.png,gemma4:e2b-it-q4_K_M,7.367,D:\Automotive Systems课件\1.Semester\DACAITI\codex\DCAITI\results\task1_comparison\2026-06-02_full\improved\json\no stop\no_stop__noStop_clean_163.png.json,no_stop,not_clean,1,partially_affected,Image B shows visible surface anomalies compared with the clean reference Image A.,"[{""location"": ""center"", ""type"": ""contamination""}]",,no_stop,standard.png,D:\Automotive Systems课件\1.Semester\DACAITI\codex\DCAITI\data\data\Task1_sign_impurity\NO_STOP\standard.png,
noStop_clean_47.png,noStop_clean_47.png,D:\Automotive Systems课件\1.Semester\DACAITI\codex\DCAITI\data\data\Task1_sign_impurity\NO_STOP\31.5.2026\noStop_clean_47.png,gemma4:e2b-it-q4_K_M,8.364,D:\Automotive Systems课件\1.Semester\DACAITI\codex\DCAITI\results\task1_comparison\2026-06-02_full\improved\json\no stop\no_stop__noStop_clean_47.png.json,no_stop,clean,0,not_affected,Image B is clean and matches the clean reference.,[],,no_stop,standard.png,D:\Automotive Systems课件\1.Semester\DACAITI\codex\DCAITI\data\data\Task1_sign_impurity\NO_STOP\standard.png,
noStop_clean_61.png,noStop_clean_61.png,D:\Automotive Systems课件\1.Semester\DACAITI\codex\DCAITI\data\data\Task1_sign_impurity\NO_STOP\31.5.2026\noStop_clean_61.png,gemma4:e2b-it-q4_K_M,11.15,D:\Automotive Systems课件\1.Semester\DACAITI\codex\DCAITI\results\task1_comparison\2026-06-02_full\improved\json\no stop\no_stop__noStop_clean_61.png.json,no_stop,not_clean,1,partially_affected,Image B shows visible surface anomalies compared with the clean reference Image A.,"[{""location"": ""bottom_right"", ""type"": ""contamination""}]",,no_stop,standard.png,D:\Automotive Systems课件\1.Semester\DACAITI\codex\DCAITI\data\data\Task1_sign_impurity\NO_STOP\standard.png,
noStop_impurity_17.png,noStop_impurity_17.png,D:\Automotive Systems课件\1.Semester\DACAITI\codex\DCAITI\data\data\Task1_sign_impurity\NO_STOP\31.5.2026\noStop_impurity_17.png,gemma4:e2b-it-q4_K_M,7.627,D:\Automotive Systems课件\1.Semester\DACAITI\codex\DCAITI\results\task1_comparison\2026-06-02_full\improved\json\no stop\no_stop__noStop_impurity_17.png.json,no_stop,not_clean,2,severely_affected,"Image B shows visible surface anomalies, specifically paint loss and discoloration on the sign.","[{""location"": ""bottom_right"", ""type"": ""paint_loss""}, {""location"": ""bottom_right"", ""type"": ""discoloration""}]",,no_stop,standard.png,D:\Automotive Systems课件\1.Semester\DACAITI\codex\DCAITI\data\data\Task1_sign_impurity\NO_STOP\standard.png,
noStop_impurity_189.png,noStop_impurity_189.png,D:\Automotive Systems课件\1.Semester\DACAITI\codex\DCAITI\data\data\Task1_sign_impurity\NO_STOP\31.5.2026\noStop_impurity_189.png,gemma4:e2b-it-q4_K_M,7.474,D:\Automotive Systems课件\1.Semester\DACAITI\codex\DCAITI\results\task1_comparison\2026-06-02_full\improved\json\no stop\no_stop__noStop_impurity_189.png.json,no_stop,not_clean,1,partially_affected,Image B shows visible surface anomalies compared with the clean reference Image A.,"[{""location"": ""center"", ""type"": ""contamination""}]",,no_stop,standard.png,D:\Automotive Systems课件\1.Semester\DACAITI\codex\DCAITI\data\data\Task1_sign_impurity\NO_STOP\standard.png,
noStop_impurity_30.png,noStop_impurity_30.png,D:\Automotive Systems课件\1.Semester\DACAITI\codex\DCAITI\data\data\Task1_sign_impurity\NO_STOP\31.5.2026\noStop_impurity_30.png,gemma4:e2b-it-q4_K_M,8.273,D:\Automotive Systems课件\1.Semester\DACAITI\codex\DCAITI\results\task1_comparison\2026-06-02_full\improved\json\no stop\no_stop__noStop_impurity_30.png.json,no_stop,not_clean,1,partially_affected,Image B shows visible surface anomalies compared with the clean reference Image A.,"[{""location"": ""center"", ""type"": ""contamination""}]",,no_stop,standard.png,D:\Automotive Systems课件\1.Semester\DACAITI\codex\DCAITI\data\data\Task1_sign_impurity\NO_STOP\standard.png,
noStop_impurity_40.png,noStop_impurity_40.png,D:\Automotive Systems课件\1.Semester\DACAITI\codex\DCAITI\data\data\Task1_sign_impurity\NO_STOP\31.5.2026\noStop_impurity_40.png,gemma4:e2b-it-q4_K_M,8.731,D:\Automotive Systems课件\1.Semester\DACAITI\codex\DCAITI\results\task1_comparison\2026-06-02_full\improved\json\no stop\no_stop__noStop_impurity_40.png.json,no_stop,not_clean,1,partially_affected,Image B shows visible surface anomalies compared with the clean reference Image A.,"[{""location"": ""center"", ""type"": ""contamination""}]",,no_stop,standard.png,D:\Automotive Systems课件\1.Semester\DACAITI\codex\DCAITI\data\data\Task1_sign_impurity\NO_STOP\standard.png,
noStop_impurity_41.png,noStop_impurity_41.png,D:\Automotive Systems课件\1.Semester\DACAITI\codex\DCAITI\data\data\Task1_sign_impurity\NO_STOP\31.5.2026\noStop_impurity_41.png,gemma4:e2b-it-q4_K_M,13.326,D:\Automotive Systems课件\1.Semester\DACAITI\codex\DCAITI\results\task1_comparison\2026-06-02_full\improved\json\no stop\no_stop__noStop_impurity_41.png.json,no_stop,not_clean,2,severely_affected,Image B shows visible surface anomalies compared with the clean reference.,"[{""location"": ""center"", ""type"": ""contamination""}, {""location"": ""bottom_right"", ""type"": ""damage""}]",,no_stop,standard.png,D:\Automotive Systems课件\1.Semester\DACAITI\codex\DCAITI\data\data\Task1_sign_impurity\NO_STOP\standard.png,
priorityRoad_clean_100.png,priorityRoad_clean_100.png,D:\Automotive Systems课件\1.Semester\DACAITI\codex\DCAITI\data\data\Task1_sign_impurity\PRIORITY_ROAD\31.5.2026\priorityRoad_clean_100.png,gemma4:e2b-it-q4_K_M,8.729,D:\Automotive Systems课件\1.Semester\DACAITI\codex\DCAITI\results\task1_comparison\2026-06-02_full\improved\json\priority\priority_road__priorityRoad_clean_100.png.json,priority,clean,0,not_affected,Image B is clean and matches the clean reference (Image A).,[],,priority_road,standard.png,D:\Automotive Systems课件\1.Semester\DACAITI\codex\DCAITI\data\data\Task1_sign_impurity\PRIORITY_ROAD\standard.png,
priorityRoad_clean_25.png,priorityRoad_clean_25.png,D:\Automotive Systems课件\1.Semester\DACAITI\codex\DCAITI\data\data\Task1_sign_impurity\PRIORITY_ROAD\31.5.2026\priorityRoad_clean_25.png,gemma4:e2b-it-q4_K_M,8.624,D:\Automotive Systems课件\1.Semester\DACAITI\codex\DCAITI\results\task1_comparison\2026-06-02_full\improved\json\priority\priority_road__priorityRoad_clean_25.png.json,priority,not_clean,1,partially_affected,"Two small, light-colored spots are visible on the yellow reflective surface of Image B, which are absent in the clean reference Image A.","[{""location"": ""center"", ""type"": ""contamination""}]",,priority_road,standard.png,D:\Automotive Systems课件\1.Semester\DACAITI\codex\DCAITI\data\data\Task1_sign_impurity\PRIORITY_ROAD\standard.png,Adjusted dirty_count from 2 to 1 to match dirty_areas.
priorityRoad_clean_55.png,priorityRoad_clean_55.png,D:\Automotive Systems课件\1.Semester\DACAITI\codex\DCAITI\data\data\Task1_sign_impurity\PRIORITY_ROAD\31.5.2026\priorityRoad_clean_55.png,gemma4:e2b-it-q4_K_M,9.266,D:\Automotive Systems课件\1.Semester\DACAITI\codex\DCAITI\results\task1_comparison\2026-06-02_full\improved\json\priority\priority_road__priorityRoad_clean_55.png.json,priority,not_clean,2,severely_affected,Image B shows visible surface anomalies compared with the clean reference Image A.,"[{""location"": ""center"", ""type"": ""contamination""}, {""location"": ""center"", ""type"": ""damage""}]",,priority_road,standard.png,D:\Automotive Systems课件\1.Semester\DACAITI\codex\DCAITI\data\data\Task1_sign_impurity\PRIORITY_ROAD\standard.png,
priorityRoad_clean_58.png,priorityRoad_clean_58.png,D:\Automotive Systems课件\1.Semester\DACAITI\codex\DCAITI\data\data\Task1_sign_impurity\PRIORITY_ROAD\31.5.2026\priorityRoad_clean_58.png,gemma4:e2b-it-q4_K_M,8.411,D:\Automotive Systems课件\1.Semester\DACAITI\codex\DCAITI\results\task1_comparison\2026-06-02_full\improved\json\priority\priority_road__priorityRoad_clean_58.png.json,priority,not_clean,1,partially_affected,"Two small, light-colored spots are visible on the yellow center of the sign.","[{""location"": ""center"", ""type"": ""contamination""}]",,priority_road,standard.png,D:\Automotive Systems课件\1.Semester\DACAITI\codex\DCAITI\data\data\Task1_sign_impurity\PRIORITY_ROAD\standard.png,Adjusted dirty_count from 2 to 1 to match dirty_areas.
priorityRoad_clean_61.png,priorityRoad_clean_61.png,D:\Automotive Systems课件\1.Semester\DACAITI\codex\DCAITI\data\data\Task1_sign_impurity\PRIORITY_ROAD\31.5.2026\priorityRoad_clean_61.png,gemma4:e2b-it-q4_K_M,6.413,D:\Automotive Systems课件\1.Semester\DACAITI\codex\DCAITI\results\task1_comparison\2026-06-02_full\improved\json\priority\priority_road__priorityRoad_clean_61.png.json,priority,not_clean,1,partially_affected,Visible surface anomalies are present compared with the clean reference.,"[{""location"": ""center"", ""type"": ""contamination""}]",,priority_road,standard.png,D:\Automotive Systems课件\1.Semester\DACAITI\codex\DCAITI\data\data\Task1_sign_impurity\PRIORITY_ROAD\standard.png,Adjusted dirty_count from 2 to 1 to match dirty_areas.
priorityRoad_impurity_1.png,priorityRoad_impurity_1.png,D:\Automotive Systems课件\1.Semester\DACAITI\codex\DCAITI\data\data\Task1_sign_impurity\PRIORITY_ROAD\31.5.2026\priorityRoad_impurity_1.png,gemma4:e2b-it-q4_K_M,8.455,D:\Automotive Systems课件\1.Semester\DACAITI\codex\DCAITI\results\task1_comparison\2026-06-02_full\improved\json\priority\priority_road__priorityRoad_impurity_1.png.json,priority,not_clean,1,partially_affected,Image B shows visible surface anomalies compared with the clean reference Image A.,"[{""location"": ""center"", ""type"": ""contamination""}]",,priority_road,standard.png,D:\Automotive Systems课件\1.Semester\DACAITI\codex\DCAITI\data\data\Task1_sign_impurity\PRIORITY_ROAD\standard.png,
priorityRoad_impurity_33.png,priorityRoad_impurity_33.png,D:\Automotive Systems课件\1.Semester\DACAITI\codex\DCAITI\data\data\Task1_sign_impurity\PRIORITY_ROAD\31.5.2026\priorityRoad_impurity_33.png,gemma4:e2b-it-q4_K_M,7.732,D:\Automotive Systems课件\1.Semester\DACAITI\codex\DCAITI\results\task1_comparison\2026-06-02_full\improved\json\priority\priority_road__priorityRoad_impurity_33.png.json,priority,not_clean,1,partially_affected,Two visible surface anomalies are present compared with the clean reference.,"[{""location"": ""center"", ""type"": ""contamination""}]",,priority_road,standard.png,D:\Automotive Systems课件\1.Semester\DACAITI\codex\DCAITI\data\data\Task1_sign_impurity\PRIORITY_ROAD\standard.png,Adjusted dirty_count from 2 to 1 to match dirty_areas.
priorityRoad_impurity_43.png,priorityRoad_impurity_43.png,D:\Automotive Systems课件\1.Semester\DACAITI\codex\DCAITI\data\data\Task1_sign_impurity\PRIORITY_ROAD\31.5.2026\priorityRoad_impurity_43.png,gemma4:e2b-it-q4_K_M,7.968,D:\Automotive Systems课件\1.Semester\DACAITI\codex\DCAITI\results\task1_comparison\2026-06-02_full\improved\json\priority\priority_road__priorityRoad_impurity_43.png.json,priority,not_clean,2,severely_affected,The sign in Image B has visible markings and potential contamination over the yellow reflective area.,"[{""location"": ""center"", ""type"": ""graffiti""}, {""location"": ""center"", ""type"": ""sticker""}]",,priority_road,standard.png,D:\Automotive Systems课件\1.Semester\DACAITI\codex\DCAITI\data\data\Task1_sign_impurity\PRIORITY_ROAD\standard.png,
priorityRoad_impurity_52.png,priorityRoad_impurity_52.png,D:\Automotive Systems课件\1.Semester\DACAITI\codex\DCAITI\data\data\Task1_sign_impurity\PRIORITY_ROAD\31.5.2026\priorityRoad_impurity_52.png,gemma4:e2b-it-q4_K_M,8.343,D:\Automotive Systems课件\1.Semester\DACAITI\codex\DCAITI\results\task1_comparison\2026-06-02_full\improved\json\priority\priority_road__priorityRoad_impurity_52.png.json,priority,not_clean,2,severely_affected,Image B shows visible surface anomalies compared with the clean reference Image A.,"[{""location"": ""center"", ""type"": ""contamination""}, {""location"": ""border"", ""type"": ""contamination""}]",,priority_road,standard.png,D:\Automotive Systems课件\1.Semester\DACAITI\codex\DCAITI\data\data\Task1_sign_impurity\PRIORITY_ROAD\standard.png,
priorityRoad_impurity_8.png,priorityRoad_impurity_8.png,D:\Automotive Systems课件\1.Semester\DACAITI\codex\DCAITI\data\data\Task1_sign_impurity\PRIORITY_ROAD\31.5.2026\priorityRoad_impurity_8.png,gemma4:e2b-it-q4_K_M,8.818,D:\Automotive Systems课件\1.Semester\DACAITI\codex\DCAITI\results\task1_comparison\2026-06-02_full\improved\json\priority\priority_road__priorityRoad_impurity_8.png.json,priority,not_clean,1,partially_affected,Image B shows significant discoloration and potential surface contamination compared to the clean reference Image A.,"[{""location"": ""center"", ""type"": ""discoloration""}]",,priority_road,standard.png,D:\Automotive Systems课件\1.Semester\DACAITI\codex\DCAITI\data\data\Task1_sign_impurity\PRIORITY_ROAD\standard.png,
speed30_clean_140.png,speed30_clean_140.png,D:\Automotive Systems课件\1.Semester\DACAITI\codex\DCAITI\data\data\Task1_sign_impurity\SPEED_LIMIT_30\31.5.2026\speed30_clean_140.png,gemma4:e2b-it-q4_K_M,14.654,D:\Automotive Systems课件\1.Semester\DACAITI\codex\DCAITI\results\task1_comparison\2026-06-02_full\improved\json\speed limit 30\speed_limit_30__speed30_clean_140.png.json,speed_limit_30,not_clean,1,partially_affected,Image B shows visible surface anomalies compared with the clean reference Image A.,"[{""location"": ""center"", ""type"": ""discoloration""}]",,speed_limit_30,standard.png,D:\Automotive Systems课件\1.Semester\DACAITI\codex\DCAITI\data\data\Task1_sign_impurity\SPEED_LIMIT_30\standard.png,
speed30_clean_146.png,speed30_clean_146.png,D:\Automotive Systems课件\1.Semester\DACAITI\codex\DCAITI\data\data\Task1_sign_impurity\SPEED_LIMIT_30\31.5.2026\speed30_clean_146.png,gemma4:e2b-it-q4_K_M,11.535,D:\Automotive Systems课件\1.Semester\DACAITI\codex\DCAITI\results\task1_comparison\2026-06-02_full\improved\json\speed limit 30\speed_limit_30__speed30_clean_146.png.json,speed_limit_30,not_clean,1,partially_affected,Image B shows visible surface anomalies compared with the clean reference Image A.,"[{""location"": ""center"", ""type"": ""contamination""}]",,speed_limit_30,standard.png,D:\Automotive Systems课件\1.Semester\DACAITI\codex\DCAITI\data\data\Task1_sign_impurity\SPEED_LIMIT_30\standard.png,
speed30_clean_149.png,speed30_clean_149.png,D:\Automotive Systems课件\1.Semester\DACAITI\codex\DCAITI\data\data\Task1_sign_impurity\SPEED_LIMIT_30\31.5.2026\speed30_clean_149.png,gemma4:e2b-it-q4_K_M,10.193,D:\Automotive Systems课件\1.Semester\DACAITI\codex\DCAITI\results\task1_comparison\2026-06-02_full\improved\json\speed limit 30\speed_limit_30__speed30_clean_149.png.json,speed_limit_30,not_clean,1,partially_affected,Image B shows visible surface anomalies compared with the clean reference Image A.,"[{""location"": ""center"", ""type"": ""discoloration""}]",,speed_limit_30,standard.png,D:\Automotive Systems课件\1.Semester\DACAITI\codex\DCAITI\data\data\Task1_sign_impurity\SPEED_LIMIT_30\standard.png,
speed30_clean_28.png,speed30_clean_28.png,D:\Automotive Systems课件\1.Semester\DACAITI\codex\DCAITI\data\data\Task1_sign_impurity\SPEED_LIMIT_30\31.5.2026\speed30_clean_28.png,gemma4:e2b-it-q4_K_M,10.217,D:\Automotive Systems课件\1.Semester\DACAITI\codex\DCAITI\results\task1_comparison\2026-06-02_full\improved\json\speed limit 30\speed_limit_30__speed30_clean_28.png.json,speed_limit_30,not_clean,1,partially_affected,Image B shows visible surface anomalies compared with the clean reference Image A.,"[{""location"": ""center"", ""type"": ""contamination""}]",,speed_limit_30,standard.png,D:\Automotive Systems课件\1.Semester\DACAITI\codex\DCAITI\data\data\Task1_sign_impurity\SPEED_LIMIT_30\standard.png,
speed30_clean_30.png,speed30_clean_30.png,D:\Automotive Systems课件\1.Semester\DACAITI\codex\DCAITI\data\data\Task1_sign_impurity\SPEED_LIMIT_30\31.5.2026\speed30_clean_30.png,gemma4:e2b-it-q4_K_M,9.952,D:\Automotive Systems课件\1.Semester\DACAITI\codex\DCAITI\results\task1_comparison\2026-06-02_full\improved\json\speed limit 30\speed_limit_30__speed30_clean_30.png.json,speed_limit_30,clean,0,not_affected,Image B is clean and matches the standard reference.,[],,speed_limit_30,standard.png,D:\Automotive Systems课件\1.Semester\DACAITI\codex\DCAITI\data\data\Task1_sign_impurity\SPEED_LIMIT_30\standard.png,
speed30_impurity_174.png,speed30_impurity_174.png,D:\Automotive Systems课件\1.Semester\DACAITI\codex\DCAITI\data\data\Task1_sign_impurity\SPEED_LIMIT_30\31.5.2026\speed30_impurity_174.png,gemma4:e2b-it-q4_K_M,8.253,D:\Automotive Systems课件\1.Semester\DACAITI\codex\DCAITI\results\task1_comparison\2026-06-02_full\improved\json\speed limit 30\speed_limit_30__speed30_impurity_174.png.json,speed_limit_30,not_clean,3,severely_affected,"Image B shows visible surface anomalies, including discoloration and potential damage, compared to the clean reference in Image A.","[{""location"": ""border"", ""type"": ""discoloration""}, {""location"": ""center"", ""type"": ""discoloration""}, {""location"": ""border"", ""type"": ""damage""}]",,speed_limit_30,standard.png,D:\Automotive Systems课件\1.Semester\DACAITI\codex\DCAITI\data\data\Task1_sign_impurity\SPEED_LIMIT_30\standard.png,
speed30_impurity_197.png,speed30_impurity_197.png,D:\Automotive Systems课件\1.Semester\DACAITI\codex\DCAITI\data\data\Task1_sign_impurity\SPEED_LIMIT_30\31.5.2026\speed30_impurity_197.png,gemma4:e2b-it-q4_K_M,8.888,D:\Automotive Systems课件\1.Semester\DACAITI\codex\DCAITI\results\task1_comparison\2026-06-02_full\improved\json\speed limit 30\speed_limit_30__speed30_impurity_197.png.json,speed_limit_30,not_clean,1,partially_affected,Image B shows visible surface anomalies compared with the clean reference.,"[{""location"": ""center"", ""type"": ""contamination""}]",,speed_limit_30,standard.png,D:\Automotive Systems课件\1.Semester\DACAITI\codex\DCAITI\data\data\Task1_sign_impurity\SPEED_LIMIT_30\standard.png,
speed30_impurity_25.png,speed30_impurity_25.png,D:\Automotive Systems课件\1.Semester\DACAITI\codex\DCAITI\data\data\Task1_sign_impurity\SPEED_LIMIT_30\31.5.2026\speed30_impurity_25.png,gemma4:e2b-it-q4_K_M,8.071,D:\Automotive Systems课件\1.Semester\DACAITI\codex\DCAITI\results\task1_comparison\2026-06-02_full\improved\json\speed limit 30\speed_limit_30__speed30_impurity_25.png.json,speed_limit_30,not_clean,1,partially_affected,Image B shows visible surface anomalies compared with the clean reference Image A.,"[{""location"": ""center"", ""type"": ""contamination""}]",,speed_limit_30,standard.png,D:\Automotive Systems课件\1.Semester\DACAITI\codex\DCAITI\data\data\Task1_sign_impurity\SPEED_LIMIT_30\standard.png,
speed30_impurity_31.png,speed30_impurity_31.png,D:\Automotive Systems课件\1.Semester\DACAITI\codex\DCAITI\data\data\Task1_sign_impurity\SPEED_LIMIT_30\31.5.2026\speed30_impurity_31.png,gemma4:e2b-it-q4_K_M,9.366,D:\Automotive Systems课件\1.Semester\DACAITI\codex\DCAITI\results\task1_comparison\2026-06-02_full\improved\json\speed limit 30\speed_limit_30__speed30_impurity_31.png.json,speed_limit_30,not_clean,1,partially_affected,"Image B contains visible surface anomalies, specifically a sticker placed across the center of the sign.","[{""location"": ""center"", ""type"": ""sticker""}]",,speed_limit_30,standard.png,D:\Automotive Systems课件\1.Semester\DACAITI\codex\DCAITI\data\data\Task1_sign_impurity\SPEED_LIMIT_30\standard.png,
speed30_impurity_35.png,speed30_impurity_35.png,D:\Automotive Systems课件\1.Semester\DACAITI\codex\DCAITI\data\data\Task1_sign_impurity\SPEED_LIMIT_30\31.5.2026\speed30_impurity_35.png,gemma4:e2b-it-q4_K_M,9.858,D:\Automotive Systems课件\1.Semester\DACAITI\codex\DCAITI\results\task1_comparison\2026-06-02_full\improved\json\speed limit 30\speed_limit_30__speed30_impurity_35.png.json,speed_limit_30,not_clean,1,partially_affected,Image B shows a noticeable discoloration or texture difference compared to the clean reference Image A.,"[{""location"": ""center"", ""type"": ""discoloration""}]",,speed_limit_30,standard.png,D:\Automotive Systems课件\1.Semester\DACAITI\codex\DCAITI\data\data\Task1_sign_impurity\SPEED_LIMIT_30\standard.png,
stop_clean_1.png,stop_clean_1.png,D:\Automotive Systems课件\1.Semester\DACAITI\codex\DCAITI\data\data\Task1_sign_impurity\STOP\31.5.2026\stop_clean_1.png,gemma4:e2b-it-q4_K_M,5.85,D:\Automotive Systems课件\1.Semester\DACAITI\codex\DCAITI\results\task1_comparison\2026-06-02_full\improved\json\stop\stop__stop_clean_1.png.json,stop,clean,0,not_affected,Image B is clean and matches the clean reference.,[],,stop,standard.png,D:\Automotive Systems课件\1.Semester\DACAITI\codex\DCAITI\data\data\Task1_sign_impurity\STOP\standard.png,
stop_clean_106.png,stop_clean_106.png,D:\Automotive Systems课件\1.Semester\DACAITI\codex\DCAITI\data\data\Task1_sign_impurity\STOP\31.5.2026\stop_clean_106.png,gemma4:e2b-it-q4_K_M,9.246,D:\Automotive Systems课件\1.Semester\DACAITI\codex\DCAITI\results\task1_comparison\2026-06-02_full\improved\json\stop\stop__stop_clean_106.png.json,stop,not_clean,1,partially_affected,Image B shows visible surface anomalies compared with the clean reference Image A.,"[{""location"": ""center"", ""type"": ""contamination""}]",,stop,standard.png,D:\Automotive Systems课件\1.Semester\DACAITI\codex\DCAITI\data\data\Task1_sign_impurity\STOP\standard.png,
stop_clean_4.png,stop_clean_4.png,D:\Automotive Systems课件\1.Semester\DACAITI\codex\DCAITI\data\data\Task1_sign_impurity\STOP\31.5.2026\stop_clean_4.png,gemma4:e2b-it-q4_K_M,8.686,D:\Automotive Systems课件\1.Semester\DACAITI\codex\DCAITI\results\task1_comparison\2026-06-02_full\improved\json\stop\stop__stop_clean_4.png.json,stop,not_clean,1,partially_affected,Image B shows visible surface anomalies compared with the clean reference.,"[{""location"": ""center"", ""type"": ""contamination""}]",,stop,standard.png,D:\Automotive Systems课件\1.Semester\DACAITI\codex\DCAITI\data\data\Task1_sign_impurity\STOP\standard.png,
stop_clean_43.png,stop_clean_43.png,D:\Automotive Systems课件\1.Semester\DACAITI\codex\DCAITI\data\data\Task1_sign_impurity\STOP\31.5.2026\stop_clean_43.png,gemma4:e2b-it-q4_K_M,9.426,D:\Automotive Systems课件\1.Semester\DACAITI\codex\DCAITI\results\task1_comparison\2026-06-02_full\improved\json\stop\stop__stop_clean_43.png.json,stop,not_clean,1,partially_affected,Image B shows visible discoloration and texture differences compared to the clean reference Image A.,"[{""location"": ""center"", ""type"": ""discoloration""}]",,stop,standard.png,D:\Automotive Systems课件\1.Semester\DACAITI\codex\DCAITI\data\data\Task1_sign_impurity\STOP\standard.png,
stop_clean_90.png,stop_clean_90.png,D:\Automotive Systems课件\1.Semester\DACAITI\codex\DCAITI\data\data\Task1_sign_impurity\STOP\31.5.2026\stop_clean_90.png,gemma4:e2b-it-q4_K_M,5.016,D:\Automotive Systems课件\1.Semester\DACAITI\codex\DCAITI\results\task1_comparison\2026-06-02_full\improved\json\stop\stop__stop_clean_90.png.json,stop,not_clean,1,partially_affected,"Image B shows visible surface anomalies compared with the clean reference, specifically discoloration or texture issues on the sign surface.","[{""location"": ""center"", ""type"": ""discoloration""}]",,stop,standard.png,D:\Automotive Systems课件\1.Semester\DACAITI\codex\DCAITI\data\data\Task1_sign_impurity\STOP\standard.png,
stop_impurity_0.png,stop_impurity_0.png,D:\Automotive Systems课件\1.Semester\DACAITI\codex\DCAITI\data\data\Task1_sign_impurity\STOP\31.5.2026\stop_impurity_0.png,gemma4:e2b-it-q4_K_M,7.864,D:\Automotive Systems课件\1.Semester\DACAITI\codex\DCAITI\results\task1_comparison\2026-06-02_full\improved\json\stop\stop__stop_impurity_0.png.json,stop,not_clean,3,severely_affected,Image B shows visible surface anomalies compared with the clean reference Image A.,"[{""location"": ""top_left"", ""type"": ""sticker""}, {""location"": ""top_right"", ""type"": ""sticker""}, {""location"": ""bottom_right"", ""type"": ""sticker""}]",,stop,standard.png,D:\Automotive Systems课件\1.Semester\DACAITI\codex\DCAITI\data\data\Task1_sign_impurity\STOP\standard.png,
stop_impurity_10.png,stop_impurity_10.png,D:\Automotive Systems课件\1.Semester\DACAITI\codex\DCAITI\data\data\Task1_sign_impurity\STOP\31.5.2026\stop_impurity_10.png,gemma4:e2b-it-q4_K_M,7.728,D:\Automotive Systems课件\1.Semester\DACAITI\codex\DCAITI\results\task1_comparison\2026-06-02_full\improved\json\stop\stop__stop_impurity_10.png.json,stop,not_clean,1,partially_affected,Image B shows significant discoloration and texture issues compared to the clean reference Image A.,"[{""location"": ""center"", ""type"": ""discoloration""}]",,stop,standard.png,D:\Automotive Systems课件\1.Semester\DACAITI\codex\DCAITI\data\data\Task1_sign_impurity\STOP\standard.png,
stop_impurity_116.png,stop_impurity_116.png,D:\Automotive Systems课件\1.Semester\DACAITI\codex\DCAITI\data\data\Task1_sign_impurity\STOP\31.5.2026\stop_impurity_116.png,gemma4:e2b-it-q4_K_M,7.397,D:\Automotive Systems课件\1.Semester\DACAITI\codex\DCAITI\results\task1_comparison\2026-06-02_full\improved\json\stop\stop__stop_impurity_116.png.json,stop,not_clean,1,partially_affected,Image B shows visible surface anomalies compared to the clean reference Image A.,"[{""location"": ""bottom_right"", ""type"": ""contamination""}]",,stop,standard.png,D:\Automotive Systems课件\1.Semester\DACAITI\codex\DCAITI\data\data\Task1_sign_impurity\STOP\standard.png,
stop_impurity_25.png,stop_impurity_25.png,D:\Automotive Systems课件\1.Semester\DACAITI\codex\DCAITI\data\data\Task1_sign_impurity\STOP\31.5.2026\stop_impurity_25.png,gemma4:e2b-it-q4_K_M,7.178,D:\Automotive Systems课件\1.Semester\DACAITI\codex\DCAITI\results\task1_comparison\2026-06-02_full\improved\json\stop\stop__stop_impurity_25.png.json,stop,not_clean,1,partially_affected,Image B shows visible surface anomalies compared with the clean reference Image A.,"[{""location"": ""center"", ""type"": ""contamination""}]",,stop,standard.png,D:\Automotive Systems课件\1.Semester\DACAITI\codex\DCAITI\data\data\Task1_sign_impurity\STOP\standard.png,
stop_impurity_68.png,stop_impurity_68.png,D:\Automotive Systems课件\1.Semester\DACAITI\codex\DCAITI\data\data\Task1_sign_impurity\STOP\31.5.2026\stop_impurity_68.png,gemma4:e2b-it-q4_K_M,8.047,D:\Automotive Systems课件\1.Semester\DACAITI\codex\DCAITI\results\task1_comparison\2026-06-02_full\improved\json\stop\stop__stop_impurity_68.png.json,stop,not_clean,1,partially_affected,Image B shows visible surface anomalies compared with the clean reference Image A.,"[{""location"": ""bottom_right"", ""type"": ""contamination""}]",,stop,standard.png,D:\Automotive Systems课件\1.Semester\DACAITI\codex\DCAITI\data\data\Task1_sign_impurity\STOP\standard.png,
